-- MySQL dump 10.13  Distrib 8.0.27, for Win64 (x86_64)
--
-- Host: 127.0.0.1    Database: vk
-- ------------------------------------------------------
-- Server version	8.0.27

/*!40101 SET @OLD_CHARACTER_SET_CLIENT=@@CHARACTER_SET_CLIENT */;
/*!40101 SET @OLD_CHARACTER_SET_RESULTS=@@CHARACTER_SET_RESULTS */;
/*!40101 SET @OLD_COLLATION_CONNECTION=@@COLLATION_CONNECTION */;
/*!50503 SET NAMES utf8 */;
/*!40103 SET @OLD_TIME_ZONE=@@TIME_ZONE */;
/*!40103 SET TIME_ZONE='+00:00' */;
/*!40014 SET @OLD_UNIQUE_CHECKS=@@UNIQUE_CHECKS, UNIQUE_CHECKS=0 */;
/*!40014 SET @OLD_FOREIGN_KEY_CHECKS=@@FOREIGN_KEY_CHECKS, FOREIGN_KEY_CHECKS=0 */;
/*!40101 SET @OLD_SQL_MODE=@@SQL_MODE, SQL_MODE='NO_AUTO_VALUE_ON_ZERO' */;
/*!40111 SET @OLD_SQL_NOTES=@@SQL_NOTES, SQL_NOTES=0 */;

--
-- Table structure for table `communities`
--

DROP TABLE IF EXISTS `communities`;
/*!40101 SET @saved_cs_client     = @@character_set_client */;
/*!50503 SET character_set_client = utf8mb4 */;
CREATE TABLE `communities` (
  `id` int unsigned NOT NULL AUTO_INCREMENT,
  `name` varchar(45) CHARACTER SET utf8mb4 COLLATE utf8mb4_unicode_ci NOT NULL,
  `admin_id` int unsigned NOT NULL,
  PRIMARY KEY (`id`),
  KEY `fk_communities_profiles1_idx` (`admin_id`),
  CONSTRAINT `fk_communities_profiles1` FOREIGN KEY (`admin_id`) REFERENCES `profiles` (`user_id`)
) ENGINE=InnoDB AUTO_INCREMENT=11 DEFAULT CHARSET=utf8mb4 COLLATE=utf8mb4_unicode_ci;
/*!40101 SET character_set_client = @saved_cs_client */;

--
-- Dumping data for table `communities`
--

LOCK TABLES `communities` WRITE;
/*!40000 ALTER TABLE `communities` DISABLE KEYS */;
INSERT INTO `communities` VALUES (1,'quisquam',22),(2,'architecto',41),(3,'eos',95),(4,'consequuntur',90),(5,'rem',9),(6,'dolore',41),(7,'tenetur',39),(8,'nemo',94),(9,'sed',52),(10,'veritatis',49);
/*!40000 ALTER TABLE `communities` ENABLE KEYS */;
UNLOCK TABLES;

--
-- Table structure for table `friendship_requests`
--

DROP TABLE IF EXISTS `friendship_requests`;
/*!40101 SET @saved_cs_client     = @@character_set_client */;
/*!50503 SET character_set_client = utf8mb4 */;
CREATE TABLE `friendship_requests` (
  `from_user_id` int unsigned NOT NULL,
  `to_user_id` int unsigned NOT NULL,
  `status` tinyint(1) NOT NULL DEFAULT '0' COMMENT '-1 - отклонен\n0 - запрос\n1 - дружба',
  `created_at` datetime NOT NULL DEFAULT CURRENT_TIMESTAMP,
  `updated_at` datetime DEFAULT NULL ON UPDATE CURRENT_TIMESTAMP,
  PRIMARY KEY (`from_user_id`,`to_user_id`) COMMENT '\n',
  KEY `fk_friendship_requests_profiles1_idx` (`from_user_id`),
  KEY `fk_friendship_requests_profiles2_idx` (`to_user_id`),
  CONSTRAINT `fk_friendship_requests_profiles1` FOREIGN KEY (`from_user_id`) REFERENCES `profiles` (`user_id`),
  CONSTRAINT `fk_friendship_requests_profiles2` FOREIGN KEY (`to_user_id`) REFERENCES `profiles` (`user_id`)
) ENGINE=InnoDB DEFAULT CHARSET=utf8mb4 COLLATE=utf8mb4_unicode_ci;
/*!40101 SET character_set_client = @saved_cs_client */;

--
-- Dumping data for table `friendship_requests`
--

LOCK TABLES `friendship_requests` WRITE;
/*!40000 ALTER TABLE `friendship_requests` DISABLE KEYS */;
INSERT INTO `friendship_requests` VALUES (1,15,-1,'1991-10-12 13:43:14',NULL),(2,62,0,'1978-11-27 15:15:24',NULL),(2,78,1,'2002-08-03 06:03:02',NULL),(2,83,0,'2013-03-14 13:47:59',NULL),(3,74,1,'2013-05-20 22:20:14','1980-11-08 04:01:27'),(3,91,-1,'1972-01-28 16:51:44','1988-12-20 22:52:32'),(4,10,-1,'2011-07-07 20:17:03','2016-06-21 14:00:14'),(4,38,1,'1978-10-04 08:16:27',NULL),(4,90,0,'2018-05-14 03:59:55',NULL),(5,93,1,'2007-04-10 12:38:31',NULL),(7,2,0,'1983-03-21 00:32:42',NULL),(7,13,-1,'1984-03-02 13:58:24','2001-04-15 11:11:22'),(7,38,0,'2006-08-26 23:02:11',NULL),(7,75,1,'2014-05-19 20:04:11','1980-11-01 14:22:16'),(8,77,-1,'2016-04-07 08:58:57',NULL),(8,85,0,'2017-04-12 22:07:10',NULL),(9,49,-1,'1988-09-02 20:43:34','1973-06-20 22:56:53'),(9,50,-1,'1981-07-01 05:48:58','1994-04-16 13:10:02'),(9,89,0,'1992-12-14 17:35:59','2011-03-12 08:45:51'),(11,33,-1,'1974-09-15 04:22:02',NULL),(11,94,1,'1976-12-31 09:45:02',NULL),(12,42,-1,'1996-10-03 20:28:25',NULL),(15,98,1,'1989-02-13 13:42:22',NULL),(17,61,-1,'2003-02-10 19:06:40',NULL),(18,64,-1,'1985-06-09 10:36:54','1975-10-13 21:54:04'),(21,75,0,'2014-04-14 23:06:27',NULL),(22,73,0,'1996-10-25 15:23:10','2019-04-12 22:25:48'),(24,11,0,'1979-09-26 12:56:12',NULL),(25,84,-1,'1978-10-04 13:02:04','2019-07-17 11:35:04'),(26,84,-1,'1973-12-25 04:32:22',NULL),(29,58,0,'2021-11-26 18:17:40',NULL),(30,7,1,'1990-01-31 06:17:13',NULL),(32,58,1,'2009-06-21 06:59:47','1992-02-04 06:50:21'),(34,10,-1,'1987-08-06 15:05:30','1986-09-19 15:37:19'),(34,16,0,'2011-05-23 00:30:35',NULL),(34,99,0,'2020-03-21 08:35:33',NULL),(35,70,0,'1988-11-14 20:42:14',NULL),(37,21,1,'1997-02-03 22:31:18',NULL),(37,57,-1,'1991-04-20 01:13:32',NULL),(37,61,1,'2017-01-18 22:07:11',NULL),(38,75,-1,'1981-11-10 22:12:50',NULL),(39,39,0,'1986-02-21 02:48:33','2021-01-10 10:09:08'),(39,68,0,'1993-03-08 09:02:54','2013-03-14 06:17:57'),(39,70,-1,'1992-08-01 03:56:07',NULL),(40,27,1,'1990-01-02 15:29:49','1982-10-04 13:29:50'),(40,59,1,'2014-06-25 18:52:08','1980-08-26 13:34:15'),(41,35,1,'1978-10-15 02:38:03','2002-05-17 19:17:19'),(42,19,0,'1987-11-30 09:01:19','1973-10-21 18:54:27'),(46,34,0,'1991-03-09 21:14:33',NULL),(46,86,0,'2012-09-01 11:02:24','1977-06-07 00:06:26'),(48,61,1,'2005-11-03 14:38:16','1993-04-16 17:48:00'),(51,25,-1,'1991-09-02 10:17:47','2007-04-07 05:11:25'),(52,95,0,'1984-12-28 13:50:15',NULL),(53,12,-1,'2019-03-28 09:06:46',NULL),(57,76,-1,'1981-03-12 11:29:52',NULL),(58,28,-1,'1974-03-02 22:35:02','1991-05-20 20:35:02'),(58,91,1,'1977-07-12 08:37:42',NULL),(58,97,0,'2003-12-04 17:54:20',NULL),(59,89,0,'2016-06-20 02:14:38',NULL),(61,22,1,'2020-09-21 07:47:38',NULL),(62,72,1,'1980-08-07 19:35:50','1990-12-30 22:53:08'),(64,29,0,'2001-11-15 01:10:24',NULL),(69,9,1,'2010-06-23 09:36:42',NULL),(69,16,1,'2021-07-20 09:38:58','2007-07-19 21:40:00'),(70,71,-1,'1971-12-24 17:36:26',NULL),(71,57,1,'1996-12-12 18:53:48',NULL),(75,47,0,'1985-03-22 10:25:19',NULL),(76,5,-1,'1970-12-25 05:39:23','2010-03-24 08:39:53'),(77,71,0,'2016-03-19 12:04:50',NULL),(81,57,1,'1994-10-10 00:50:14','1975-09-03 05:21:05'),(81,58,-1,'1997-02-12 21:00:38','2000-02-25 18:02:32'),(82,67,-1,'1991-03-11 06:32:06',NULL),(82,77,1,'2013-04-11 14:37:17',NULL),(84,61,-1,'1997-06-21 13:27:39',NULL),(84,74,0,'1979-04-29 06:17:08',NULL),(85,65,0,'1980-11-27 00:58:51',NULL),(86,86,-1,'1976-11-28 04:29:03','2019-04-07 20:29:25'),(87,79,0,'2004-10-13 09:11:22','2008-03-23 08:21:09'),(87,96,-1,'1973-01-15 22:12:08','2020-04-27 23:17:13'),(88,25,0,'1997-03-19 14:00:34','1985-07-14 11:55:28'),(88,35,0,'2013-10-23 15:21:23','2001-09-15 14:50:06'),(88,41,1,'2000-05-20 04:07:00','2002-02-19 07:07:02'),(88,45,0,'1997-03-21 22:28:42','2020-10-19 18:42:18'),(88,78,1,'2011-12-05 18:38:55',NULL),(89,8,1,'2001-03-24 00:46:15','1978-08-29 09:30:24'),(89,13,0,'2007-11-29 20:57:30',NULL),(89,55,1,'1971-11-29 02:51:55',NULL),(90,75,1,'2006-12-12 17:35:54',NULL),(91,68,-1,'1987-10-24 19:21:42',NULL),(92,73,1,'2011-01-18 15:38:42','1970-09-20 19:58:39'),(92,94,0,'2000-10-20 21:57:33','1998-01-23 04:26:47'),(94,60,-1,'2012-02-16 06:31:58',NULL),(94,87,1,'2008-11-12 21:55:07',NULL),(95,23,-1,'2017-01-13 15:36:51','1989-12-30 05:16:50'),(96,22,1,'2013-08-15 16:40:23',NULL),(96,32,1,'1974-11-30 11:35:19',NULL),(97,73,-1,'1990-08-23 11:09:01','1987-11-15 02:26:15'),(97,95,1,'2008-12-22 20:00:47','2007-08-13 14:51:17'),(99,16,1,'1999-10-05 19:54:38','1971-12-10 03:15:46'),(99,47,1,'1972-08-02 08:38:25',NULL);
/*!40000 ALTER TABLE `friendship_requests` ENABLE KEYS */;
UNLOCK TABLES;

--
-- Table structure for table `likes`
--

DROP TABLE IF EXISTS `likes`;
/*!40101 SET @saved_cs_client     = @@character_set_client */;
/*!50503 SET character_set_client = utf8mb4 */;
CREATE TABLE `likes` (
  `id` int unsigned NOT NULL AUTO_INCREMENT,
  `user_id` int unsigned NOT NULL,
  `media_id` int unsigned DEFAULT NULL,
  `post_id` int unsigned DEFAULT NULL,
  `message_id` int unsigned DEFAULT NULL,
  `created_at` datetime NOT NULL DEFAULT CURRENT_TIMESTAMP,
  PRIMARY KEY (`id`),
  UNIQUE KEY `user_media_UNIQUE` (`user_id`,`media_id`),
  UNIQUE KEY `user_post_UNIQUE` (`user_id`,`post_id`),
  UNIQUE KEY `user_message_UNIQUE` (`user_id`,`message_id`),
  KEY `fk_likes_profiles1_idx` (`user_id`),
  KEY `fk_likes_media1_idx` (`media_id`),
  KEY `fk_likes_posts1_idx` (`post_id`),
  KEY `fk_likes_messages1_idx` (`message_id`),
  CONSTRAINT `fk_likes_media1` FOREIGN KEY (`media_id`) REFERENCES `media` (`id`),
  CONSTRAINT `fk_likes_messages1` FOREIGN KEY (`message_id`) REFERENCES `messages` (`id`),
  CONSTRAINT `fk_likes_posts1` FOREIGN KEY (`post_id`) REFERENCES `posts` (`id`),
  CONSTRAINT `fk_likes_profiles1` FOREIGN KEY (`user_id`) REFERENCES `profiles` (`user_id`)
) ENGINE=InnoDB AUTO_INCREMENT=201 DEFAULT CHARSET=utf8mb4 COLLATE=utf8mb4_unicode_ci;
/*!40101 SET character_set_client = @saved_cs_client */;

--
-- Dumping data for table `likes`
--

LOCK TABLES `likes` WRITE;
/*!40000 ALTER TABLE `likes` DISABLE KEYS */;
INSERT INTO `likes` VALUES (1,78,92,NULL,NULL,'1971-02-07 15:13:55'),(2,10,85,NULL,NULL,'1995-09-15 23:25:15'),(3,49,81,NULL,NULL,'2007-05-24 21:35:24'),(4,83,65,NULL,NULL,'2005-08-25 15:48:31'),(5,65,99,NULL,NULL,'1999-06-16 08:10:20'),(6,94,28,NULL,NULL,'1991-08-27 02:11:22'),(7,17,62,NULL,NULL,'1980-04-30 21:06:56'),(8,44,91,NULL,NULL,'2000-03-08 06:09:11'),(9,82,38,NULL,NULL,'2000-11-22 07:58:41'),(10,23,76,NULL,NULL,'2004-12-15 00:08:03'),(11,56,34,NULL,NULL,'2021-03-26 12:02:01'),(12,98,72,NULL,NULL,'1973-01-06 20:59:12'),(13,71,11,NULL,NULL,'1975-09-15 02:14:46'),(14,38,52,NULL,NULL,'2013-12-31 06:24:51'),(15,14,19,NULL,NULL,'1985-03-31 18:17:12'),(16,10,26,NULL,NULL,'1989-04-27 21:24:09'),(17,63,58,NULL,NULL,'1995-05-06 17:05:50'),(18,33,96,NULL,NULL,'2004-06-24 06:13:46'),(19,30,64,NULL,NULL,'2018-10-07 17:03:01'),(20,36,51,NULL,NULL,'2000-04-20 14:00:46'),(21,61,83,NULL,NULL,'2010-04-28 20:37:25'),(22,35,26,NULL,NULL,'2015-11-20 18:08:39'),(23,45,12,NULL,NULL,'1986-11-30 18:25:58'),(24,38,81,NULL,NULL,'1980-12-06 11:20:10'),(25,39,27,NULL,NULL,'1981-08-09 05:54:25'),(26,23,41,NULL,NULL,'1988-02-11 13:38:26'),(27,5,86,NULL,NULL,'2014-11-27 15:09:24'),(28,36,69,NULL,NULL,'1997-05-09 03:10:35'),(29,51,15,NULL,NULL,'1972-05-24 12:20:31'),(30,41,48,NULL,NULL,'1972-10-19 10:47:07'),(31,60,36,NULL,NULL,'1993-07-31 13:51:08'),(32,17,83,NULL,NULL,'2016-01-16 15:57:27'),(33,10,82,NULL,NULL,'2001-01-26 05:08:24'),(34,23,NULL,83,NULL,'1987-02-08 00:41:35'),(35,71,NULL,66,NULL,'1975-08-03 09:42:55'),(36,30,NULL,4,NULL,'1970-05-30 02:19:05'),(37,25,NULL,66,NULL,'2020-06-08 11:23:05'),(38,47,NULL,50,NULL,'1988-10-10 22:42:48'),(39,34,NULL,2,NULL,'1981-06-14 12:41:57'),(40,71,NULL,5,NULL,'2009-12-20 15:06:12'),(41,81,NULL,11,NULL,'2011-05-16 04:21:02'),(42,17,NULL,30,NULL,'2013-08-02 23:57:35'),(43,56,NULL,94,NULL,'1975-10-25 19:32:38'),(44,7,NULL,66,NULL,'2003-12-25 07:33:28'),(45,95,NULL,96,NULL,'1996-01-13 07:26:37'),(46,29,NULL,47,NULL,'1974-11-08 14:07:40'),(47,33,NULL,12,NULL,'2019-08-06 03:31:49'),(48,47,NULL,84,NULL,'1988-02-09 06:43:55'),(49,48,NULL,31,NULL,'2014-12-23 19:44:15'),(50,88,NULL,51,NULL,'1985-10-17 20:41:01'),(51,56,NULL,28,NULL,'2007-07-03 12:13:28'),(52,41,NULL,93,NULL,'1999-10-30 16:50:12'),(53,25,NULL,77,NULL,'2015-09-10 22:12:27'),(54,33,NULL,16,NULL,'1980-09-28 19:13:06'),(55,71,NULL,69,NULL,'2021-08-20 18:49:18'),(56,44,NULL,45,NULL,'2002-12-19 09:47:52'),(57,47,NULL,55,NULL,'2019-07-09 02:15:36'),(58,35,NULL,77,NULL,'1993-10-24 12:59:51'),(59,49,NULL,52,NULL,'1999-10-08 15:18:29'),(61,32,NULL,76,NULL,'1970-03-22 04:15:33'),(62,23,NULL,30,NULL,'2002-03-19 17:21:10'),(63,19,NULL,11,NULL,'1999-05-10 08:45:12'),(64,51,NULL,53,NULL,'1998-01-10 18:42:46'),(65,29,NULL,30,NULL,'2020-10-01 23:22:34'),(66,12,NULL,54,NULL,'1998-04-17 02:09:35'),(67,11,NULL,NULL,9,'1989-06-03 07:12:30'),(68,49,NULL,NULL,80,'1987-07-28 07:48:47'),(69,74,NULL,NULL,96,'1988-10-22 19:59:50'),(70,97,NULL,NULL,15,'1999-04-29 15:19:31'),(71,72,NULL,NULL,22,'1987-12-27 10:41:22'),(72,54,NULL,NULL,83,'2018-09-27 02:26:12'),(73,36,NULL,NULL,48,'2012-04-12 13:27:14'),(74,54,NULL,NULL,65,'1985-04-05 01:26:54'),(75,4,NULL,NULL,52,'1988-10-09 19:36:05'),(76,31,NULL,NULL,4,'1982-07-01 07:23:05'),(77,9,NULL,NULL,5,'2002-08-11 13:57:24'),(78,48,NULL,NULL,19,'2021-03-06 03:44:12'),(79,88,NULL,NULL,41,'1980-06-15 04:28:28'),(80,24,NULL,NULL,59,'2017-06-15 22:16:23'),(81,5,NULL,NULL,59,'1993-04-22 19:54:25'),(82,68,NULL,NULL,72,'1970-11-10 00:03:11'),(83,70,NULL,NULL,1,'1994-05-17 04:52:37'),(84,100,NULL,NULL,8,'1988-05-25 00:04:12'),(85,29,NULL,NULL,76,'1975-05-27 08:13:56'),(86,92,NULL,NULL,79,'2016-11-14 00:17:07'),(87,27,NULL,NULL,51,'1982-08-10 15:08:09'),(88,91,NULL,NULL,96,'1998-11-12 06:23:57'),(89,11,NULL,NULL,79,'2016-12-08 23:37:58'),(90,29,NULL,NULL,99,'2002-03-28 16:12:43'),(91,74,NULL,NULL,73,'1978-08-17 12:41:39'),(92,26,NULL,NULL,55,'2011-09-21 17:58:39'),(93,6,NULL,NULL,97,'2015-10-29 18:31:47'),(94,26,NULL,NULL,53,'2011-03-24 19:54:44'),(95,58,NULL,NULL,49,'1981-03-28 06:42:50'),(97,27,NULL,NULL,56,'1992-10-10 17:36:09'),(98,76,NULL,NULL,50,'2006-12-25 13:48:48'),(99,48,NULL,NULL,74,'2003-10-20 07:57:58'),(100,54,NULL,NULL,59,'1971-12-10 18:16:51');
/*!40000 ALTER TABLE `likes` ENABLE KEYS */;
UNLOCK TABLES;

--
-- Table structure for table `media`
--

DROP TABLE IF EXISTS `media`;
/*!40101 SET @saved_cs_client     = @@character_set_client */;
/*!50503 SET character_set_client = utf8mb4 */;
CREATE TABLE `media` (
  `id` int unsigned NOT NULL AUTO_INCREMENT,
  `user_id` int unsigned NOT NULL,
  `media_type_id` int unsigned NOT NULL,
  `url` varchar(145) CHARACTER SET utf8mb4 COLLATE utf8mb4_unicode_ci DEFAULT NULL,
  `blob` blob,
  `metadata` longtext CHARACTER SET utf8mb4 COLLATE utf8mb4_bin,
  `created_at` datetime NOT NULL DEFAULT CURRENT_TIMESTAMP,
  PRIMARY KEY (`id`),
  KEY `fk_media_media_types1_idx` (`media_type_id`),
  KEY `fk_media_profiles1_idx` (`user_id`),
  CONSTRAINT `fk_media_media_types1` FOREIGN KEY (`media_type_id`) REFERENCES `media_types` (`id`),
  CONSTRAINT `fk_media_profiles1` FOREIGN KEY (`user_id`) REFERENCES `profiles` (`user_id`),
  CONSTRAINT `media_chk_1` CHECK (json_valid(`metadata`))
) ENGINE=InnoDB AUTO_INCREMENT=101 DEFAULT CHARSET=utf8mb4 COLLATE=utf8mb4_unicode_ci;
/*!40101 SET character_set_client = @saved_cs_client */;

--
-- Dumping data for table `media`
--

LOCK TABLES `media` WRITE;
/*!40000 ALTER TABLE `media` DISABLE KEYS */;
INSERT INTO `media` VALUES (1,72,1,'model/x3d+binary',NULL,NULL,'2011-01-24 13:30:20'),(2,56,2,'video/vnd.ms-playready.media.pyv',NULL,NULL,'1984-12-02 20:12:57'),(3,62,3,'text/vnd.curl.scurl',NULL,NULL,'2013-12-03 16:32:31'),(4,89,1,'application/vnd.llamagraphics.life-balance.exchange+xml',NULL,NULL,'1983-04-22 16:00:12'),(5,60,3,'application/vnd.llamagraphics.life-balance.exchange+xml',NULL,NULL,'2014-01-03 12:13:19'),(6,71,1,'application/vnd.sun.xml.draw.template',NULL,NULL,'2020-05-24 13:44:04'),(7,9,2,'application/x-futuresplash',NULL,NULL,'1973-07-17 13:15:34'),(8,1,3,'application/vnd.openxmlformats-officedocument.wordprocessingml.template',NULL,NULL,'1996-07-22 09:23:02'),(9,52,1,'application/rdf+xml',NULL,NULL,'2002-01-02 11:21:00'),(10,80,3,'video/h263',NULL,NULL,'2014-07-06 16:03:29'),(11,31,3,'application/vnd.svd',NULL,NULL,'2009-08-09 21:27:39'),(12,71,1,'application/pgp-encrypted',NULL,NULL,'2019-06-10 10:57:00'),(13,41,3,'application/vnd.openxmlformats-officedocument.spreadsheetml.template',NULL,NULL,'1970-10-30 00:38:14'),(14,72,2,'application/vnd.sema',NULL,NULL,'1994-11-19 13:06:56'),(15,44,3,'application/vnd.oasis.opendocument.image',NULL,NULL,'1997-09-16 18:47:57'),(16,33,1,'application/vnd.ezpix-album',NULL,NULL,'1971-01-20 02:25:43'),(17,96,3,'application/msword',NULL,NULL,'2002-06-22 23:07:16'),(18,74,2,'image/ief',NULL,NULL,'2005-07-15 01:45:52'),(19,82,2,'application/vnd.visio',NULL,NULL,'1987-06-29 11:02:00'),(20,63,2,'image/x-xwindowdump',NULL,NULL,'1995-01-19 02:03:30'),(21,56,1,'application/x-ms-wmz',NULL,NULL,'1970-05-15 06:12:26'),(22,44,2,'application/vnd.epson.esf',NULL,NULL,'1979-02-03 00:38:30'),(23,93,2,'text/x-vcard',NULL,NULL,'2010-10-30 14:29:06'),(24,32,2,'image/x-icon',NULL,NULL,'1975-02-06 13:48:27'),(25,67,1,'application/vnd.openxmlformats-officedocument.wordprocessingml.template',NULL,NULL,'2011-05-04 07:18:29'),(26,36,3,'application/vnd.oasis.opendocument.graphics',NULL,NULL,'1991-09-13 11:38:04'),(27,2,1,'application/vnd.xfdl',NULL,NULL,'2016-12-24 09:06:15'),(28,15,2,'image/bmp',NULL,NULL,'2010-04-23 17:46:35'),(29,98,3,'application/vnd.kde.kformula',NULL,NULL,'1987-03-12 17:38:57'),(30,81,2,'application/vnd.dreamfactory',NULL,NULL,'2010-08-31 11:58:59'),(31,82,1,'application/vnd.ms-project',NULL,NULL,'1995-02-24 13:32:29'),(32,56,3,'application/vnd.adobe.xfdf',NULL,NULL,'2011-07-03 01:24:02'),(33,2,1,'image/vnd.djvu',NULL,NULL,'2007-12-10 17:44:12'),(34,34,3,'application/x-sv4crc',NULL,NULL,'2008-03-28 03:49:47'),(35,92,3,'application/vnd.openxmlformats-officedocument.wordprocessingml.template',NULL,NULL,'1974-06-19 08:31:33'),(36,23,2,'video/h264',NULL,NULL,'1981-04-11 04:55:08'),(37,29,2,'application/x-hdf',NULL,NULL,'1997-08-24 18:22:25'),(38,11,1,'application/vnd.realvnc.bed',NULL,NULL,'1997-01-27 20:44:02'),(39,11,2,'application/x-stuffitx',NULL,NULL,'1971-01-22 06:56:01'),(40,66,3,'application/x-t3vm-image',NULL,NULL,'1973-11-01 04:56:39'),(41,54,1,'application/vnd.oasis.opendocument.chart-template',NULL,NULL,'2001-11-11 16:23:05'),(42,74,2,'application/vnd.ms-powerpoint.template.macroenabled.12',NULL,NULL,'1998-10-07 16:19:37'),(43,7,3,'application/x-ustar',NULL,NULL,'1975-03-06 20:01:24'),(44,98,1,'video/jpeg',NULL,NULL,'1973-08-09 10:42:41'),(45,75,3,'application/x-tex',NULL,NULL,'2017-10-04 14:12:58'),(46,45,2,'application/javascript',NULL,NULL,'1987-11-06 13:19:31'),(47,92,1,'application/vnd.ms-cab-compressed',NULL,NULL,'2001-07-24 17:39:19'),(48,33,3,'text/calendar',NULL,NULL,'2006-05-24 17:43:22'),(49,29,2,'application/x-msmediaview',NULL,NULL,'2009-04-24 08:27:03'),(50,76,1,'audio/x-pn-realaudio',NULL,NULL,'2007-04-21 00:52:01'),(51,63,3,'video/vnd.dece.sd',NULL,NULL,'2019-12-23 00:40:49'),(52,67,3,'application/vnd.sema',NULL,NULL,'1991-02-25 19:46:04'),(53,65,3,'application/vnd.ahead.space',NULL,NULL,'2000-12-05 03:00:23'),(54,13,3,'application/x-stuffit',NULL,NULL,'1998-10-22 19:05:17'),(55,20,3,'video/jpm',NULL,NULL,'2015-05-18 09:24:31'),(56,52,3,'application/x-stuffitx',NULL,NULL,'2012-04-21 11:38:18'),(57,79,1,'application/vnd.simtech-mindmapper',NULL,NULL,'2017-07-20 17:17:27'),(58,29,3,'application/vnd.ms-cab-compressed',NULL,NULL,'1986-03-19 20:34:32'),(59,14,1,'video/x-ms-asf',NULL,NULL,'2016-09-11 12:16:00'),(60,90,3,'text/plain',NULL,NULL,'2002-05-03 21:31:48'),(61,5,2,'video/x-ms-wvx',NULL,NULL,'1995-09-10 21:36:04'),(62,44,3,'application/vnd.oasis.opendocument.graphics-template',NULL,NULL,'2010-09-22 05:37:26'),(63,34,3,'application/vnd.igloader',NULL,NULL,'1983-07-27 01:31:02'),(64,90,2,'application/vnd.ms-word.template.macroenabled.12',NULL,NULL,'1987-10-14 05:30:01'),(65,44,2,'application/winhlp',NULL,NULL,'1974-03-12 02:52:04'),(66,83,1,'application/vnd.ms-artgalry',NULL,NULL,'1971-01-29 09:13:21'),(67,63,2,'application/vnd.sun.xml.writer',NULL,NULL,'1979-05-16 19:24:22'),(68,97,1,'application/vnd.syncml.dm+xml',NULL,NULL,'2013-11-13 10:32:40'),(69,27,1,'image/jpeg',NULL,NULL,'1988-05-02 06:55:19'),(70,2,2,'application/vnd.openxmlformats-officedocument.presentationml.slide',NULL,NULL,'1986-07-07 08:29:19'),(71,87,2,'application/x-tar',NULL,NULL,'2005-04-12 14:55:42'),(72,20,2,'video/x-fli',NULL,NULL,'1989-11-02 12:21:08'),(73,79,2,'application/vnd.webturbo',NULL,NULL,'2016-06-23 15:27:34'),(74,51,3,'text/turtle',NULL,NULL,'1987-10-05 18:40:01'),(75,75,2,'application/vnd.openxmlformats-officedocument.spreadsheetml.template',NULL,NULL,'1999-08-15 06:27:11'),(76,81,3,'image/x-portable-bitmap',NULL,NULL,'1979-09-26 10:54:08'),(77,73,1,'application/vnd.ahead.space',NULL,NULL,'2012-07-17 13:24:40'),(78,76,1,'text/x-opml',NULL,NULL,'2011-03-03 12:41:23'),(79,1,2,'video/x-sgi-movie',NULL,NULL,'2014-09-17 04:48:21'),(80,70,2,'application/vnd.dece.ttml+xml',NULL,NULL,'1989-07-26 19:20:27'),(81,29,2,'application/vnd.oasis.opendocument.chart',NULL,NULL,'2014-09-04 18:57:39'),(82,50,3,'application/x-blorb',NULL,NULL,'2007-12-04 16:18:30'),(83,2,2,'application/vnd.webturbo',NULL,NULL,'2019-06-15 21:53:48'),(84,19,1,'image/ktx',NULL,NULL,'1981-02-25 19:25:21'),(85,55,1,'application/vnd.epson.salt',NULL,NULL,'1981-03-22 23:23:31'),(86,75,2,'application/vnd.oasis.opendocument.chart-template',NULL,NULL,'1977-12-02 04:25:44'),(87,73,3,'application/vnd.dna',NULL,NULL,'2019-10-27 23:07:46'),(88,7,2,'image/prs.btif',NULL,NULL,'1997-03-01 03:57:16'),(89,42,2,'application/vnd.oasis.opendocument.text',NULL,NULL,'1992-08-06 17:21:25'),(90,44,1,'application/x-cfs-compressed',NULL,NULL,'1970-06-27 10:23:59'),(91,96,1,'image/webp',NULL,NULL,'1973-08-19 08:51:57'),(92,95,3,'audio/x-ms-wma',NULL,NULL,'2018-10-25 03:06:15'),(93,48,3,'application/vnd.dynageo',NULL,NULL,'2001-02-20 20:50:36'),(94,76,2,'application/vnd.kde.kword',NULL,NULL,'1981-06-14 09:12:09'),(95,36,2,'image/tiff',NULL,NULL,'1975-05-17 14:15:20'),(96,93,2,'image/x-cmx',NULL,NULL,'2004-05-12 22:45:27'),(97,98,2,'application/vnd.wap.wmlc',NULL,NULL,'1974-12-03 04:56:40'),(98,56,3,'application/x-install-instructions',NULL,NULL,'1980-03-21 17:02:08'),(99,88,3,'text/vnd.wap.wmlscript',NULL,NULL,'1981-01-11 02:33:40'),(100,28,2,'application/x-lzh-compressed',NULL,NULL,'1997-10-31 14:46:00');
/*!40000 ALTER TABLE `media` ENABLE KEYS */;
UNLOCK TABLES;

--
-- Table structure for table `media_types`
--

DROP TABLE IF EXISTS `media_types`;
/*!40101 SET @saved_cs_client     = @@character_set_client */;
/*!50503 SET character_set_client = utf8mb4 */;
CREATE TABLE `media_types` (
  `id` int unsigned NOT NULL AUTO_INCREMENT,
  `name` varchar(45) CHARACTER SET utf8mb4 COLLATE utf8mb4_unicode_ci NOT NULL,
  PRIMARY KEY (`id`)
) ENGINE=InnoDB AUTO_INCREMENT=4 DEFAULT CHARSET=utf8mb4 COLLATE=utf8mb4_unicode_ci;
/*!40101 SET character_set_client = @saved_cs_client */;

--
-- Dumping data for table `media_types`
--

LOCK TABLES `media_types` WRITE;
/*!40000 ALTER TABLE `media_types` DISABLE KEYS */;
INSERT INTO `media_types` VALUES (1,'audio'),(2,'img'),(3,'video');
/*!40000 ALTER TABLE `media_types` ENABLE KEYS */;
UNLOCK TABLES;

--
-- Table structure for table `messages`
--

DROP TABLE IF EXISTS `messages`;
/*!40101 SET @saved_cs_client     = @@character_set_client */;
/*!50503 SET character_set_client = utf8mb4 */;
CREATE TABLE `messages` (
  `id` int unsigned NOT NULL AUTO_INCREMENT,
  `from_user_id` int unsigned NOT NULL,
  `to_user_id` int unsigned NOT NULL,
  `text` text CHARACTER SET utf8mb4 COLLATE utf8mb4_unicode_ci,
  `media_id` int unsigned DEFAULT NULL,
  `created_at` datetime NOT NULL DEFAULT CURRENT_TIMESTAMP,
  `read_at` datetime DEFAULT NULL,
  `deleted_at` datetime DEFAULT NULL,
  PRIMARY KEY (`id`),
  KEY `fk_messages_profiles1_idx` (`from_user_id`),
  KEY `fk_messages_profiles2_idx` (`to_user_id`),
  KEY `fk_messages_media1_idx` (`media_id`),
  CONSTRAINT `fk_messages_media1` FOREIGN KEY (`media_id`) REFERENCES `media` (`id`),
  CONSTRAINT `fk_messages_profiles1` FOREIGN KEY (`from_user_id`) REFERENCES `profiles` (`user_id`),
  CONSTRAINT `fk_messages_profiles2` FOREIGN KEY (`to_user_id`) REFERENCES `profiles` (`user_id`)
) ENGINE=InnoDB AUTO_INCREMENT=101 DEFAULT CHARSET=utf8mb4 COLLATE=utf8mb4_unicode_ci;
/*!40101 SET character_set_client = @saved_cs_client */;

--
-- Dumping data for table `messages`
--

LOCK TABLES `messages` WRITE;
/*!40000 ALTER TABLE `messages` DISABLE KEYS */;
INSERT INTO `messages` VALUES (1,77,89,'Soluta ut omnis aut facere eius.',NULL,'1996-01-26 14:24:18',NULL,NULL),(2,26,42,'Voluptatem ut rerum nobis et accusamus ea.',NULL,'2012-12-17 09:27:55','2008-11-14 18:40:06',NULL),(3,64,17,'Pariatur ut quae quo harum.',NULL,'2009-01-23 19:55:09',NULL,NULL),(4,42,54,'Animi voluptas vel nesciunt dolor molestiae et et et.',NULL,'2009-01-31 18:49:56',NULL,NULL),(5,39,7,'Vel libero nisi eos.',NULL,'1995-10-24 03:59:47','1982-09-07 21:58:02',NULL),(6,51,26,'Pariatur non vel voluptas atque sequi.',NULL,'2019-01-21 07:38:55',NULL,NULL),(7,85,27,'Non illo animi repudiandae eveniet consequatur.',NULL,'2000-10-15 09:49:08','1984-10-29 00:38:19',NULL),(8,8,31,'Dolores dolor autem dolor quis.',NULL,'1970-08-31 10:15:00',NULL,NULL),(9,49,21,'Odio saepe nostrum sit fugit reprehenderit eos quia.',NULL,'2000-01-22 18:42:08','1971-10-14 02:23:35',NULL),(10,64,36,'A iste incidunt voluptas quae non asperiores recusandae.',NULL,'2018-07-21 08:54:29','1989-07-21 20:28:50',NULL),(11,14,95,'Provident ea aut illo.',NULL,'2001-09-23 01:15:22','1978-12-16 02:13:30',NULL),(12,39,42,'Magnam nemo facere repudiandae non.',NULL,'1979-11-12 01:24:50',NULL,NULL),(13,38,89,'Quisquam quidem rem et laboriosam iusto cum numquam commodi.',NULL,'1987-05-02 09:13:47',NULL,NULL),(14,59,26,'Impedit ut nihil sit et.',NULL,'1978-01-30 14:28:48',NULL,NULL),(15,27,54,'Omnis ad qui possimus ratione est sunt ipsam.',NULL,'2005-03-22 06:08:37','1992-06-18 02:32:54',NULL),(16,25,3,'Occaecati non et et praesentium accusamus.',NULL,'1994-11-02 08:33:58',NULL,NULL),(17,43,51,'Perferendis doloremque rem eveniet sapiente tenetur vel.',NULL,'1984-06-06 02:01:09',NULL,NULL),(18,45,6,'Repellendus omnis eos et dignissimos qui.',NULL,'2021-11-12 03:55:55','1991-11-13 17:40:32',NULL),(19,67,86,'Blanditiis architecto sapiente aut harum nisi est alias.',NULL,'2018-10-16 17:24:09','2019-02-25 02:12:37',NULL),(20,59,5,'Sapiente ipsam quas accusantium nisi error iste accusantium.',NULL,'2013-07-09 19:44:00',NULL,NULL),(21,93,9,'Illum assumenda quidem quisquam fugit molestiae est.',NULL,'1975-12-09 17:45:32',NULL,NULL),(22,31,77,'Velit magnam tempore cupiditate aut.',NULL,'1990-06-15 10:29:58',NULL,NULL),(23,36,38,'Deleniti impedit pariatur et nesciunt.',NULL,'2008-09-21 11:33:23','1995-03-08 01:41:23',NULL),(24,8,84,'Vitae aut et recusandae.',NULL,'2009-08-24 21:41:47','2014-03-25 16:14:04',NULL),(25,59,71,'Commodi unde sapiente iure qui.',NULL,'1978-03-19 03:19:20','1995-01-29 01:08:29',NULL),(26,19,72,'Necessitatibus porro dolor rerum praesentium sequi nisi similique consequatur.',NULL,'1972-04-13 05:05:39','2018-09-17 02:03:19',NULL),(27,66,58,'Excepturi odio sequi doloribus itaque.',NULL,'2009-07-13 13:43:21',NULL,NULL),(28,14,3,'Iure qui aut quisquam eligendi.',NULL,'2007-08-18 21:44:50','1972-06-24 01:44:50',NULL),(29,46,73,'Tempore occaecati magnam esse consequatur qui soluta ab dolorem.',NULL,'2004-03-07 15:52:00','1997-10-14 14:49:22',NULL),(30,29,72,'Velit omnis similique quia sed.',NULL,'2013-10-22 04:57:35',NULL,NULL),(31,27,54,'Molestiae repellendus quis maiores voluptas deserunt.',NULL,'1979-02-19 04:22:53',NULL,NULL),(32,75,69,'Autem eveniet et voluptatem odio.',NULL,'1983-06-24 10:19:29','1999-04-16 05:52:23',NULL),(33,4,19,'Ipsam sint ullam dolore ullam in.',NULL,'1971-04-16 10:12:41',NULL,NULL),(34,75,71,'Aut beatae et aperiam vitae sed voluptatem rerum est.',NULL,'2003-03-19 06:44:05',NULL,NULL),(35,5,34,'Incidunt corrupti perspiciatis totam rerum autem incidunt.',NULL,'1988-01-07 01:07:20','2001-02-07 12:45:07',NULL),(36,76,97,'Cupiditate cumque cupiditate sit facere sapiente est.',NULL,'1997-12-16 12:35:41','1976-01-27 02:35:17',NULL),(37,42,7,'Quaerat doloribus voluptatem non commodi sed.',NULL,'2006-05-06 03:41:17',NULL,NULL),(38,74,77,'Magnam at dolorum ipsa qui ut repellat.',NULL,'1985-06-03 08:21:13',NULL,NULL),(39,45,81,'Perferendis aut aut consequatur aliquid facere similique omnis.',NULL,'1992-03-22 19:58:22',NULL,NULL),(40,61,3,'Sed est quam atque beatae.',NULL,'1999-01-14 13:58:52',NULL,NULL),(41,51,79,'Est eveniet eligendi quisquam quaerat dolor.',NULL,'1970-06-17 01:24:55','1970-10-25 01:36:09',NULL),(42,75,16,'Labore eaque maiores at ab cumque et et voluptate.',NULL,'2003-10-17 17:55:37','2007-11-20 15:51:46',NULL),(43,36,88,'Explicabo ducimus repellendus facere qui officia non.',NULL,'2003-06-26 05:07:12','2003-04-01 05:28:32',NULL),(44,19,82,'Ullam repellat dolor ipsam.',NULL,'1982-06-13 05:51:09','1995-12-27 14:48:22',NULL),(45,60,48,'Voluptatem aut blanditiis nobis pariatur.',NULL,'1977-10-10 13:37:07','2008-04-29 12:41:57',NULL),(46,53,87,'Aut odit aut omnis dolores iure.',NULL,'1991-04-04 22:23:58',NULL,NULL),(47,1,27,'Est at maiores et voluptas eum.',NULL,'2016-03-08 01:48:46','1993-10-09 17:40:02',NULL),(48,55,5,'Mollitia ab ea maiores eligendi magnam aliquid nihil.',NULL,'2001-01-24 09:25:12',NULL,NULL),(49,46,30,'Odit distinctio magnam quod officia.',NULL,'2005-07-24 07:15:48','2006-05-26 19:17:50',NULL),(50,75,50,'Eos dolore voluptatum commodi molestiae optio.',NULL,'1978-01-16 18:18:47',NULL,NULL),(51,63,51,'Voluptas voluptas sit repellat beatae.',NULL,'1986-11-19 04:30:06',NULL,NULL),(52,46,5,'Provident laborum iure iusto sed quia occaecati maiores.',NULL,'2017-04-07 03:44:23','1984-08-06 20:23:26',NULL),(53,57,19,'Saepe mollitia exercitationem et perferendis.',NULL,'2012-05-22 16:57:02',NULL,NULL),(54,82,1,'Velit vitae cupiditate autem natus sint eos.',NULL,'2003-10-18 08:39:08','1982-05-05 13:12:41',NULL),(55,100,42,'Deserunt consequatur iusto sunt quis.',NULL,'1975-09-05 02:20:55','1986-06-01 08:05:24',NULL),(56,4,51,'Laudantium ex sed provident cumque optio labore tempora architecto.',NULL,'1980-06-22 04:52:21',NULL,NULL),(57,21,78,'Possimus ab et iure eaque aut adipisci.',NULL,'2006-08-28 14:52:22','1978-08-09 06:39:31',NULL),(58,67,57,'Tempora explicabo quod est quia.',NULL,'1985-06-28 17:21:44',NULL,NULL),(59,66,85,'Enim voluptatem voluptatem ab rerum praesentium soluta.',NULL,'2019-12-11 11:36:17','1982-02-04 07:42:19',NULL),(60,38,26,'Mollitia omnis iusto rerum architecto aut eos id.',NULL,'1977-04-17 17:25:53','1972-05-17 05:40:28',NULL),(61,32,91,'Aut reprehenderit enim minus non.',NULL,'1993-10-19 09:54:28','1998-11-28 19:47:27',NULL),(62,12,33,'Pariatur ut architecto eius autem recusandae rerum quod.',NULL,'1982-06-21 09:34:44',NULL,NULL),(63,18,67,'Laudantium mollitia quo tempora non dolor voluptatibus dolore.',NULL,'1975-08-10 14:08:42',NULL,NULL),(64,37,63,'Ipsum beatae qui omnis ipsum.',NULL,'2015-08-27 07:51:16',NULL,NULL),(65,96,12,'Enim nobis placeat amet accusantium et impedit doloremque.',NULL,'1975-11-03 22:09:44',NULL,NULL),(66,12,59,'Ea mollitia nemo cum temporibus aliquam magnam.',NULL,'1989-02-26 12:24:42','2007-02-21 06:47:11',NULL),(67,62,58,'Dignissimos quas accusantium occaecati architecto.',NULL,'2016-11-15 19:53:22','2009-09-04 20:17:02',NULL),(68,63,19,'Aspernatur blanditiis illo sit.',NULL,'1982-03-24 05:17:51',NULL,NULL),(69,77,44,'Id sequi sit sit et possimus modi.',NULL,'1972-07-24 03:21:41',NULL,NULL),(70,20,76,'Et nam vitae repellat dolores rerum.',NULL,'2001-06-11 23:48:47','1977-05-27 23:30:38',NULL),(71,86,23,'Quam perspiciatis laborum nobis optio necessitatibus.',NULL,'1976-12-27 15:29:09','1979-06-23 17:08:52',NULL),(72,26,6,'Nihil quia odio illo omnis et voluptas eum.',NULL,'2009-09-26 13:58:03',NULL,NULL),(73,1,92,'Ipsam et fugiat neque similique quasi numquam.',NULL,'2008-04-18 07:03:46',NULL,NULL),(74,63,67,'Eos voluptates expedita et dicta dicta quod.',NULL,'2008-08-08 14:14:08',NULL,NULL),(75,77,100,'Provident dignissimos ipsam necessitatibus eligendi voluptas.',NULL,'2002-11-22 04:10:45',NULL,NULL),(76,92,9,'Quidem quo esse unde qui suscipit.',NULL,'1988-03-20 21:23:46',NULL,NULL),(77,91,4,'Explicabo voluptatem quam dolor est sint et incidunt.',NULL,'2002-08-21 02:55:11',NULL,NULL),(78,41,8,'Vitae deserunt et beatae nostrum reprehenderit.',NULL,'1994-01-14 07:25:58','1997-08-09 00:19:49',NULL),(79,70,77,'Sapiente facere molestiae molestias qui dolorum qui voluptas.',NULL,'2009-08-19 05:47:55','2001-07-07 15:03:22',NULL),(80,70,66,'In doloremque reprehenderit facilis reiciendis qui asperiores id quos.',NULL,'2004-01-17 07:49:45','2008-02-14 08:20:41',NULL),(81,88,82,'Aut commodi quae sit maiores qui sed sed.',NULL,'2018-09-08 01:47:15',NULL,NULL),(82,25,50,'In similique fugit quis blanditiis.',NULL,'2002-06-02 09:17:42','1990-03-22 17:28:12',NULL),(83,39,88,'A natus tempora maiores dolor totam.',NULL,'2013-09-23 06:11:49','2004-10-10 19:20:00',NULL),(84,69,15,'Cum delectus sit non omnis provident excepturi harum.',NULL,'1999-04-02 20:18:49','2009-04-18 12:09:05',NULL),(85,31,88,'Iusto ut nulla tempora quia.',NULL,'1989-12-20 12:10:52','2001-05-07 14:35:15',NULL),(86,91,17,'Dolor perferendis autem magni explicabo.',NULL,'1986-12-12 06:27:04','2021-05-15 02:15:54',NULL),(87,11,16,'Deleniti eos quibusdam modi vel architecto exercitationem eligendi.',NULL,'1983-11-27 19:06:47',NULL,NULL),(88,23,11,'Odio nihil corporis odit dolorem.',NULL,'1971-02-14 06:29:21','1982-02-18 13:17:44',NULL),(89,8,85,'Iste dolores fuga ut veniam nemo.',NULL,'1996-04-10 05:26:58','1974-03-04 15:40:52',NULL),(90,78,85,'Sit quam inventore molestiae ex et deserunt maiores voluptatem.',NULL,'1985-11-22 19:24:58',NULL,NULL),(91,85,69,'Id excepturi fugiat qui modi libero nisi quibusdam.',NULL,'1988-03-09 05:41:36',NULL,NULL),(92,93,75,'Nisi consequatur illo quia ut error assumenda ut.',NULL,'1980-07-24 10:14:49','1989-01-27 09:53:36',NULL),(93,73,33,'Consequatur asperiores veniam omnis autem.',NULL,'2009-08-23 11:06:56','2005-09-10 18:00:06',NULL),(94,82,43,'Qui pariatur maxime cum aliquam.',NULL,'1982-03-30 17:38:55','2016-04-16 18:22:07',NULL),(95,10,52,'Harum neque beatae sequi qui praesentium.',NULL,'2014-01-26 08:46:08','2012-05-18 17:03:09',NULL),(96,9,98,'Numquam id illo distinctio vitae.',NULL,'1999-03-06 18:49:06',NULL,NULL),(97,33,33,'Illo ex natus in officiis ex et sit.',NULL,'1970-12-07 00:57:43',NULL,NULL),(98,47,71,'Corporis quia expedita neque ipsam.',NULL,'1997-07-05 14:40:41',NULL,NULL),(99,20,15,'Perferendis architecto alias fugit rerum veritatis.',NULL,'1992-02-07 13:33:38','2013-04-09 01:17:49',NULL),(100,86,51,'Est fuga placeat aut.',NULL,'1994-12-11 06:06:40','1975-03-07 06:52:23',NULL);
/*!40000 ALTER TABLE `messages` ENABLE KEYS */;
UNLOCK TABLES;

--
-- Table structure for table `posts`
--

DROP TABLE IF EXISTS `posts`;
/*!40101 SET @saved_cs_client     = @@character_set_client */;
/*!50503 SET character_set_client = utf8mb4 */;
CREATE TABLE `posts` (
  `id` int unsigned NOT NULL AUTO_INCREMENT,
  `user_id` int unsigned NOT NULL,
  `community_id` int unsigned DEFAULT NULL,
  `text` text CHARACTER SET utf8mb4 COLLATE utf8mb4_unicode_ci,
  `media_id` int unsigned DEFAULT NULL,
  `created_at` datetime NOT NULL DEFAULT CURRENT_TIMESTAMP,
  `deleted_at` datetime DEFAULT NULL,
  PRIMARY KEY (`id`),
  KEY `fk_posts_profiles1_idx` (`user_id`),
  KEY `fk_posts_communities1_idx` (`community_id`),
  KEY `fk_posts_media1_idx` (`media_id`),
  CONSTRAINT `fk_posts_communities1` FOREIGN KEY (`community_id`) REFERENCES `communities` (`id`),
  CONSTRAINT `fk_posts_media1` FOREIGN KEY (`media_id`) REFERENCES `media` (`id`),
  CONSTRAINT `fk_posts_profiles1` FOREIGN KEY (`user_id`) REFERENCES `profiles` (`user_id`)
) ENGINE=InnoDB AUTO_INCREMENT=101 DEFAULT CHARSET=utf8mb4 COLLATE=utf8mb4_unicode_ci;
/*!40101 SET character_set_client = @saved_cs_client */;

--
-- Dumping data for table `posts`
--

LOCK TABLES `posts` WRITE;
/*!40000 ALTER TABLE `posts` DISABLE KEYS */;
INSERT INTO `posts` VALUES (1,87,10,'Ipsa esse consequatur beatae vero.',NULL,'1979-02-25 16:04:51',NULL),(2,51,8,'Alias et totam et sit qui.',NULL,'2012-03-06 14:29:35',NULL),(3,29,7,'Earum velit voluptas numquam quia sed vero et occaecati.',NULL,'2007-07-10 23:04:42',NULL),(4,35,2,'Repellendus nihil et et architecto suscipit odit.',NULL,'2015-12-08 13:09:35',NULL),(5,54,3,'Similique reprehenderit sed doloremque eum adipisci.',NULL,'2017-10-31 08:14:59',NULL),(6,39,7,'Voluptates doloribus aut eius fugiat tempore magnam.',NULL,'2000-07-09 06:10:55',NULL),(7,5,7,'Enim accusantium sunt beatae.',NULL,'2005-12-16 04:46:34',NULL),(8,75,7,'Aut molestias architecto dolorem hic qui.',NULL,'2011-06-27 22:18:37',NULL),(9,83,3,'In expedita quae voluptas fuga.',NULL,'2020-04-22 10:46:17',NULL),(10,15,8,'Voluptas non illo quia et aut consequatur doloremque omnis.',NULL,'1976-09-15 18:03:24',NULL),(11,4,3,'Omnis dolor fugit dolores eos voluptatem dolorem magni consequuntur.',NULL,'1983-04-13 16:10:41',NULL),(12,62,9,'Voluptatem voluptatem est et nesciunt quo quis ea.',NULL,'2018-06-20 20:48:57',NULL),(13,36,4,'Vel non dolores fugit deserunt non dolorem.',NULL,'2012-02-07 21:22:22',NULL),(14,19,1,'Eligendi et neque dolores veritatis deserunt perferendis.',NULL,'2018-09-13 00:25:58',NULL),(15,77,3,'Sed quaerat velit ullam ipsam odit repellat.',NULL,'1998-07-22 02:17:12',NULL),(16,27,7,'Voluptas blanditiis porro et velit.',NULL,'2016-12-07 19:16:37',NULL),(17,15,8,'Consequatur quis quo itaque blanditiis laudantium excepturi voluptatem.',NULL,'1976-01-01 08:30:09',NULL),(18,44,5,'Aut rerum distinctio soluta.',NULL,'1982-03-30 17:43:39',NULL),(19,42,8,'Ratione quaerat facere repellendus pariatur velit.',NULL,'1973-02-23 14:07:46',NULL),(20,63,10,'Eaque non eos rem accusamus.',NULL,'1994-10-14 01:55:05',NULL),(21,100,1,'Maxime quidem aliquid qui architecto provident.',NULL,'2002-09-19 01:50:48',NULL),(22,62,1,'Laborum voluptatem quod ut adipisci minima veritatis.',NULL,'1973-01-04 01:40:04',NULL),(23,64,4,'Voluptatum aspernatur velit suscipit quidem optio.',NULL,'1985-07-11 07:06:13',NULL),(24,69,5,'Quo et a consequuntur facere quia excepturi eligendi ab.',NULL,'1981-09-06 07:38:54',NULL),(25,57,9,'Eos ea rem nesciunt voluptas.',NULL,'1974-10-16 12:07:34',NULL),(26,25,7,'Eligendi odio consequatur est sint laboriosam voluptatem.',NULL,'1990-08-07 23:20:53',NULL),(27,5,9,'Delectus aut eius dolorum quia est ut est.',NULL,'1980-01-27 04:39:22',NULL),(28,45,4,'Dolor amet dolor dolor aut eos repudiandae.',NULL,'1973-04-22 04:08:58',NULL),(29,24,7,'Expedita mollitia dignissimos expedita non neque nam voluptas.',NULL,'2005-09-02 14:49:46',NULL),(30,43,10,'Et reprehenderit esse recusandae et suscipit.',NULL,'1972-05-13 05:11:20',NULL),(31,85,7,'Earum molestias quia quae nostrum repudiandae quidem adipisci.',NULL,'1971-07-14 07:48:52',NULL),(32,64,10,'Inventore quis corporis et illo.',NULL,'1989-01-15 14:52:45',NULL),(33,47,1,'Aliquid omnis corporis et sit sunt.',NULL,'1986-05-14 00:08:28',NULL),(34,41,9,'Dolore minima veritatis quas aut.',NULL,'2001-05-08 18:37:22',NULL),(35,85,1,'Quia non repudiandae porro temporibus mollitia velit.',NULL,'2004-04-13 06:51:25',NULL),(36,84,9,'Excepturi odio quidem distinctio cumque.',NULL,'2018-03-02 08:59:42',NULL),(37,5,5,'Voluptas error ut dicta non ipsam.',NULL,'2017-12-29 12:55:22',NULL),(38,89,7,'Aut id dolores consequatur aut vitae laudantium voluptatem.',NULL,'2016-09-07 23:16:11',NULL),(39,81,6,'Dicta unde aspernatur qui consequatur tempore.',NULL,'1991-01-17 05:49:44',NULL),(40,14,4,'Occaecati et error amet non.',NULL,'1998-08-13 03:41:28',NULL),(41,41,4,'Animi voluptas ipsam aliquid dicta ipsum ea voluptas.',NULL,'2007-01-27 00:48:57',NULL),(42,98,5,'Tenetur voluptas sunt ut enim quo sit.',NULL,'2020-09-22 06:44:30',NULL),(43,23,5,'Distinctio quia earum animi et nihil dolores.',NULL,'2016-03-31 00:40:15',NULL),(44,85,5,'Qui quia iusto vero harum voluptatem repudiandae quasi minus.',NULL,'2010-02-07 03:54:56',NULL),(45,5,3,'Iste ut neque vitae provident qui sint molestiae velit.',NULL,'1981-06-24 05:59:09',NULL),(46,46,9,'Doloremque tempora ut aut non.',NULL,'2021-09-26 03:58:02',NULL),(47,97,1,'Omnis ipsam aut quos quam dolor odit mollitia.',NULL,'1989-09-21 20:56:40',NULL),(48,87,5,'Delectus debitis dolore exercitationem est.',NULL,'1991-01-09 08:16:18',NULL),(49,17,3,'Dolores quia et totam quia.',NULL,'1975-05-03 11:32:14',NULL),(50,32,1,'Doloremque est perspiciatis error perspiciatis dolorem voluptate asperiores dolore.',NULL,'1998-11-07 09:41:09',NULL),(51,32,2,'Alias qui nemo atque ea cum qui.',NULL,'2004-05-27 16:51:55',NULL),(52,86,4,'Deleniti dicta deleniti ut necessitatibus architecto omnis animi.',NULL,'2006-08-07 23:42:42',NULL),(53,60,8,'Earum occaecati eum velit corporis quae a officiis quisquam.',NULL,'1991-08-23 03:31:13',NULL),(54,4,4,'Non ut nulla fugit aut et.',NULL,'2005-10-26 21:36:14',NULL),(55,32,2,'Quaerat aut debitis esse voluptatum occaecati quibusdam.',NULL,'1976-03-16 16:16:38',NULL),(56,77,8,'Sunt non velit quas sed deserunt fuga consequuntur.',NULL,'1971-10-08 23:55:07',NULL),(57,55,8,'Tempora consequatur quis aperiam qui non adipisci minima.',NULL,'2020-07-23 08:51:14',NULL),(58,18,8,'Cupiditate vero veniam iure harum.',NULL,'1988-08-23 17:11:26',NULL),(59,17,1,'Voluptas quia quaerat deleniti fugiat deleniti.',NULL,'1986-08-20 07:41:07',NULL),(60,24,3,'Omnis libero et dolor et delectus minima in aut.',NULL,'2021-08-28 09:39:56',NULL),(61,30,7,'Error non ducimus dolores quisquam.',NULL,'1979-10-14 05:34:22',NULL),(62,10,3,'Quas atque enim dolorem sit in et.',NULL,'1989-08-20 17:52:00',NULL),(63,79,10,'Blanditiis voluptatem placeat aliquid dignissimos rerum.',NULL,'1996-05-20 20:53:23',NULL),(64,69,10,'Nulla similique qui cupiditate velit et.',NULL,'1971-05-06 21:54:43',NULL),(65,24,10,'Eum voluptate voluptatibus id qui reiciendis et velit repudiandae.',NULL,'2005-07-31 09:12:11',NULL),(66,97,6,'Modi et pariatur est.',NULL,'1979-01-31 20:10:51',NULL),(67,15,9,'Optio occaecati amet quidem eos impedit a.',NULL,'1973-02-01 22:43:12',NULL),(68,91,8,'Enim distinctio reiciendis explicabo ipsa laboriosam nostrum.',NULL,'2010-09-30 23:42:39',NULL),(69,57,10,'Praesentium non nobis consequatur placeat debitis expedita quas.',NULL,'1990-07-10 05:22:11',NULL),(70,14,9,'Eaque eum molestiae non facilis tenetur et fugit praesentium.',NULL,'1980-04-24 21:49:06',NULL),(71,11,10,'Eum ex minima a eius eum.',NULL,'1977-12-24 03:29:26',NULL),(72,61,7,'Culpa similique placeat corrupti sequi ipsa mollitia molestiae.',NULL,'2015-11-20 10:32:40',NULL),(73,66,8,'Quo deleniti nisi error adipisci vel.',NULL,'1971-01-07 15:43:27',NULL),(74,42,9,'Non voluptatem omnis velit et nihil accusantium aut.',NULL,'1990-07-14 07:55:47',NULL),(75,81,7,'Rem commodi et qui qui.',NULL,'2011-01-09 22:03:47',NULL),(76,3,2,'Culpa aliquid ipsam qui praesentium doloribus quia.',NULL,'2015-03-20 12:05:36',NULL),(77,35,2,'Adipisci et magni expedita blanditiis ipsum aperiam.',NULL,'2013-10-01 13:23:58',NULL),(78,36,2,'Ipsum cumque incidunt impedit aut nihil iure recusandae quisquam.',NULL,'1980-03-04 07:09:19',NULL),(79,8,1,'Dicta quasi rerum non vitae vel.',NULL,'1991-11-27 14:07:56',NULL),(80,8,4,'Est sit sapiente consequatur sed magnam similique mollitia.',NULL,'2002-06-27 18:35:29',NULL),(81,4,1,'Repellat cum ea sit modi.',NULL,'1976-12-02 05:00:46',NULL),(82,87,2,'Rerum ducimus facere dolorum est sed.',NULL,'1992-11-21 20:33:50',NULL),(83,86,8,'Reiciendis sit at accusamus accusantium voluptatum.',NULL,'2005-05-31 21:19:06',NULL),(84,93,5,'At repellendus quo distinctio quas quod quibusdam alias.',NULL,'2016-01-01 20:36:22',NULL),(85,72,1,'Omnis voluptatem deleniti dolore inventore voluptas et.',NULL,'1979-09-11 03:10:47',NULL),(86,30,9,'Consequatur dolor odit sunt fuga est suscipit tempore fuga.',NULL,'1974-10-30 14:05:12',NULL),(87,97,10,'Nulla voluptatibus omnis nostrum aperiam corrupti eius asperiores.',NULL,'1973-03-21 11:29:10',NULL),(88,47,7,'Cupiditate eum quae eius sint dolor adipisci sit.',NULL,'2019-10-08 22:02:19',NULL),(89,69,9,'Necessitatibus possimus totam et occaecati aperiam quam ut.',NULL,'1993-01-12 20:39:28',NULL),(90,44,5,'Fugiat qui tempora sed ratione voluptatem ex laborum.',NULL,'1983-05-27 23:59:43',NULL),(91,54,5,'Fuga ea est accusantium enim.',NULL,'1993-10-08 08:38:00',NULL),(92,59,9,'Aliquam dignissimos unde sed est consequatur.',NULL,'2011-11-30 05:30:43',NULL),(93,57,10,'Omnis mollitia et neque officiis.',NULL,'2013-03-11 21:48:04',NULL),(94,1,7,'Rem numquam aliquam et cum minima quia omnis.',NULL,'2009-01-14 10:12:46',NULL),(95,99,1,'Minima voluptate numquam suscipit magni cupiditate corporis.',NULL,'2010-06-22 00:37:39',NULL),(96,95,1,'Asperiores pariatur quos vitae dignissimos eum autem exercitationem.',NULL,'1973-02-24 16:23:24',NULL),(97,13,9,'Reprehenderit id quibusdam quaerat nemo sed totam optio numquam.',NULL,'2006-11-26 13:49:21',NULL),(98,22,10,'Maiores autem voluptates earum doloribus velit dolores aliquam.',NULL,'1990-08-01 21:17:45',NULL),(99,58,2,'Repellendus itaque aut eum natus est repellat.',NULL,'2013-03-03 15:42:58',NULL),(100,41,3,'Quasi eum dolorem voluptate accusantium non.',NULL,'1985-06-16 22:39:34',NULL);
/*!40000 ALTER TABLE `posts` ENABLE KEYS */;
UNLOCK TABLES;

--
-- Table structure for table `profiles`
--

DROP TABLE IF EXISTS `profiles`;
/*!40101 SET @saved_cs_client     = @@character_set_client */;
/*!50503 SET character_set_client = utf8mb4 */;
CREATE TABLE `profiles` (
  `user_id` int unsigned NOT NULL,
  `firstname` varchar(145) CHARACTER SET utf8mb4 COLLATE utf8mb4_unicode_ci NOT NULL,
  `lastname` varchar(145) CHARACTER SET utf8mb4 COLLATE utf8mb4_unicode_ci NOT NULL COMMENT 'фамилия',
  `gender` enum('m','f','x') CHARACTER SET utf8mb4 COLLATE utf8mb4_unicode_ci NOT NULL,
  `birthday` date NOT NULL,
  `address` varchar(245) CHARACTER SET utf8mb4 COLLATE utf8mb4_unicode_ci DEFAULT NULL,
  `created_at` datetime NOT NULL DEFAULT CURRENT_TIMESTAMP,
  `updated_at` datetime DEFAULT NULL ON UPDATE CURRENT_TIMESTAMP,
  `deleted_at` datetime DEFAULT NULL,
  `photo_id` int unsigned DEFAULT NULL,
  PRIMARY KEY (`user_id`),
  KEY `fk_profiles_media1_idx` (`photo_id`),
  CONSTRAINT `fk_profiles_media1` FOREIGN KEY (`photo_id`) REFERENCES `media` (`id`),
  CONSTRAINT `fk_profiles_users` FOREIGN KEY (`user_id`) REFERENCES `users` (`id`)
) ENGINE=InnoDB DEFAULT CHARSET=utf8mb4 COLLATE=utf8mb4_unicode_ci;
/*!40101 SET character_set_client = @saved_cs_client */;

--
-- Dumping data for table `profiles`
--

LOCK TABLES `profiles` WRITE;
/*!40000 ALTER TABLE `profiles` DISABLE KEYS */;
INSERT INTO `profiles` VALUES (1,'Kayla','Parisian','m','2006-03-31','96919 Barrett Ford','1985-07-07 17:47:10',NULL,NULL,NULL),(2,'Aletha','Fay','m','2001-04-09','3194 Jenkins Square Apt. 550','1991-12-03 17:10:29',NULL,NULL,NULL),(3,'Luna','Krajcik','f','2021-10-07','56192 Aryanna Parks','2011-01-05 04:21:30',NULL,NULL,NULL),(4,'Stefan','Johnston','f','1976-01-11','59389 Ayana Spur','2014-10-12 20:41:04',NULL,NULL,NULL),(5,'Alisha','Barton','m','1978-06-11','113 Vita Road Apt. 930','2000-11-08 10:03:15',NULL,NULL,NULL),(6,'Norval','Shields','f','1980-06-26','439 Isabel Pass','2004-01-18 10:34:23',NULL,NULL,NULL),(7,'Ena','Brown','f','1981-09-04','40529 Schmidt Pine','1975-07-23 08:09:42',NULL,NULL,NULL),(8,'Chance','Smith','f','1975-03-19','85147 Ramiro Spur Apt. 221','2000-08-13 15:25:48',NULL,NULL,NULL),(9,'Theresa','Champlin','m','2017-01-09','75461 Sheldon Wall','1987-04-29 18:13:36',NULL,NULL,NULL),(10,'Lonie','Jacobson','f','1986-12-29','112 Arielle Dale','2004-03-10 15:13:32',NULL,NULL,NULL),(11,'Zora','Doyle','m','1998-06-17','712 Kyra Island','1990-05-13 19:10:15',NULL,NULL,NULL),(12,'Otto','O\'Keefe','m','2011-06-30','832 Alvina Vista Apt. 681','1995-04-11 17:20:28',NULL,NULL,NULL),(13,'Taylor','Greenfelder','m','1981-08-09','0303 Olen Ways Apt. 954','1974-07-16 22:48:04',NULL,NULL,NULL),(14,'Ida','Hodkiewicz','f','2020-02-01','351 Eileen Mount','2004-04-03 04:22:41',NULL,NULL,NULL),(15,'Oscar','O\'Hara','f','2020-10-13','340 Darius Branch','2012-08-04 14:19:23',NULL,NULL,NULL),(16,'Jakob','Will','m','2019-02-08','26460 Boehm Mountain Apt. 553','1991-11-01 06:51:17',NULL,NULL,NULL),(17,'Lincoln','Dickens','m','2010-12-28','21675 Mayert Hill Apt. 755','2009-04-21 02:25:38',NULL,NULL,NULL),(18,'Sylvan','Langworth','f','1986-10-22','260 Herman Gateway Suite 244','2001-11-05 00:45:18',NULL,NULL,NULL),(19,'Sarina','Lebsack','m','2003-02-02','6679 Hermann Garden','2012-04-07 13:12:18',NULL,NULL,NULL),(20,'Meghan','Ritchie','f','1998-01-07','39040 Reginald Lane','2004-09-07 21:49:44',NULL,NULL,NULL),(21,'Aliza','Altenwerth','f','1975-05-02','8007 Turner Cliffs Suite 240','2018-02-08 06:51:06',NULL,NULL,NULL),(22,'Elbert','Mills','m','2014-05-04','405 Aisha Forge Suite 184','2009-01-18 10:52:21',NULL,NULL,NULL),(23,'Milo','Price','m','1973-02-19','87703 Salma Drive','2009-08-27 17:29:34',NULL,NULL,NULL),(24,'Alessia','West','m','1993-09-05','6701 Lubowitz Wells','1981-03-29 14:56:11',NULL,NULL,NULL),(25,'Rosalee','Daniel','f','2012-11-15','66449 Leon Groves Apt. 369','1998-08-01 06:47:27',NULL,NULL,NULL),(26,'Jacynthe','Ferry','f','1986-05-31','9005 Allie Ridge Suite 912','2010-05-19 13:22:51',NULL,NULL,NULL),(27,'Jakob','Crooks','m','1973-02-23','8287 Mohr Well','1986-02-20 22:20:14',NULL,NULL,NULL),(28,'Jacky','Kuhic','f','1971-10-12','1312 Torphy Brook Suite 918','2004-10-06 06:24:36',NULL,NULL,NULL),(29,'Johann','Franecki','m','1993-02-02','784 Zola Roads Apt. 101','2005-07-30 14:46:17',NULL,NULL,NULL),(30,'Russ','Boehm','f','1994-12-21','81577 Etha Mountains','1970-12-22 12:28:00',NULL,NULL,NULL),(31,'Carey','Price','m','1977-07-28','591 Kris Street Apt. 161','1999-03-28 02:01:04',NULL,NULL,NULL),(32,'Rachel','Orn','m','2000-06-05','314 Ella Vista Suite 446','1984-01-29 05:52:51',NULL,NULL,NULL),(33,'Liana','Deckow','f','2004-01-15','65442 Lorna Isle','2003-06-28 13:18:57',NULL,NULL,NULL),(34,'Gregory','Reichert','f','2001-06-08','9498 Wilderman Dam Suite 924','1985-01-26 18:54:23',NULL,NULL,NULL),(35,'Marielle','Renner','f','2017-02-23','826 Braden Squares Suite 024','2007-04-15 12:16:41',NULL,NULL,NULL),(36,'Haskell','Larkin','m','1978-03-22','468 Maeve Garden Suite 366','1984-01-21 09:56:07',NULL,NULL,NULL),(37,'Arely','Heathcote','m','1978-11-16','4354 Reilly Circle','1999-02-07 00:59:07',NULL,NULL,NULL),(38,'Maryam','Sipes','m','2007-11-16','1708 Reichert Rest Suite 426','1995-09-11 21:04:20',NULL,NULL,NULL),(39,'Adrianna','Shields','f','2000-09-09','22894 Aubree Circles Apt. 282','1976-09-27 02:29:15',NULL,NULL,NULL),(40,'Shannon','Gusikowski','m','2019-08-04','4841 Dicki Motorway Apt. 515','1985-11-27 07:14:30',NULL,NULL,NULL),(41,'Hilario','Reichert','f','1980-09-03','225 Weissnat Causeway Suite 759','1973-12-12 20:11:01',NULL,NULL,NULL),(42,'Christelle','Harvey','f','1978-09-23','9125 Ratke Divide','2018-07-29 18:39:47',NULL,NULL,NULL),(43,'Mauricio','Ratke','f','1992-12-20','1151 Amanda Summit','1971-12-28 10:03:02',NULL,NULL,NULL),(44,'Edgar','Bayer','f','1983-07-26','6773 Brown Springs Suite 628','1999-01-11 22:22:59',NULL,NULL,NULL),(45,'Leora','Kautzer','f','1976-08-26','103 Sauer Square Apt. 909','1997-12-13 10:25:59',NULL,NULL,NULL),(46,'Annie','Torphy','f','1990-05-01','5574 Meagan Shores Suite 349','2015-07-03 17:51:00',NULL,NULL,NULL),(47,'Elbert','Altenwerth','m','2004-07-10','947 Thiel Brook Suite 637','2002-08-30 21:29:39',NULL,NULL,NULL),(48,'Deonte','Wisoky','m','1996-08-10','5985 Lakin Haven','1980-12-28 09:31:58',NULL,NULL,NULL),(49,'Dorian','Sanford','m','1992-01-28','409 Gudrun Locks','2002-03-24 02:28:58',NULL,NULL,NULL),(50,'Rebecca','Lehner','f','1982-09-12','824 Friesen Locks Apt. 701','1980-09-16 06:43:48',NULL,NULL,NULL),(51,'Bethany','Erdman','m','1981-03-11','82139 Hegmann Crossing Suite 990','2019-04-13 03:03:50',NULL,NULL,NULL),(52,'Keaton','Prosacco','f','1991-06-06','995 Aurelio Row','2016-09-01 12:48:30',NULL,NULL,NULL),(53,'Libbie','Hartmann','m','1971-10-05','6613 Keeling Extension Suite 167','2021-08-13 15:47:53',NULL,NULL,NULL),(54,'Grace','Greenfelder','f','1996-02-12','5495 Benny Streets Apt. 377','1989-10-15 10:09:54',NULL,NULL,NULL),(55,'Camille','DuBuque','m','2010-03-15','6963 Hand Inlet Suite 636','2018-09-02 17:28:37',NULL,NULL,NULL),(56,'Julia','Carroll','f','1970-07-09','76747 Estell Glens Suite 139','1985-08-01 15:52:55',NULL,NULL,NULL),(57,'Mason','Connelly','m','1994-05-22','760 Abernathy Keys','1979-10-23 21:37:35',NULL,NULL,NULL),(58,'Rosalyn','Metz','f','2010-11-22','11460 Denesik Squares Apt. 890','1983-06-14 04:18:32',NULL,NULL,NULL),(59,'Eulalia','Wiegand','m','2018-09-27','873 Yost Ridge','1996-12-20 23:07:50',NULL,NULL,NULL),(60,'Luisa','Ankunding','f','1985-07-15','113 Lind Spring Suite 198','1971-03-18 15:50:01',NULL,NULL,NULL),(61,'Randal','Weber','m','2009-06-30','928 Labadie Village Suite 242','1988-03-13 20:17:07',NULL,NULL,NULL),(62,'Meghan','Bartell','m','1987-03-10','76251 Schneider Estates','2011-02-04 21:11:57',NULL,NULL,NULL),(63,'Maybell','Hettinger','m','1989-10-18','8416 Wilhelmine Throughway','1980-03-19 14:28:20',NULL,NULL,NULL),(64,'Deshawn','Abbott','m','1981-04-16','58899 Otilia Prairie Suite 622','1998-08-31 01:03:27',NULL,NULL,NULL),(65,'Hazel','Strosin','f','1972-11-26','828 Tianna Spring','1974-02-22 23:22:38',NULL,NULL,NULL),(66,'Camryn','Homenick','m','1972-10-26','580 Romaguera Landing','2004-07-15 04:09:04',NULL,NULL,NULL),(67,'Ludwig','Mueller','f','1994-02-03','183 Schinner Mountain','1978-05-05 11:40:39',NULL,NULL,NULL),(68,'Kaley','Moore','f','2016-04-03','0900 Reilly Passage','2016-08-20 02:43:11',NULL,NULL,NULL),(69,'Cleo','Kohler','f','1988-07-01','424 Thaddeus Tunnel','2003-02-14 14:51:32',NULL,NULL,NULL),(70,'Florian','Glover','m','1983-09-08','65734 Joelle Via','1971-11-21 20:02:33',NULL,NULL,NULL),(71,'Casimer','Kertzmann','f','2014-02-14','8779 Joyce Grove','2004-06-03 20:37:55',NULL,NULL,NULL),(72,'Henriette','Bartell','f','2010-06-19','00202 Franecki Extension Apt. 467','2007-04-02 15:17:01',NULL,NULL,NULL),(73,'Kevon','Wunsch','m','2007-06-27','700 Price Pike','1983-09-19 01:13:54',NULL,NULL,NULL),(74,'Antonina','Nicolas','f','1979-02-27','10618 Rosetta Stravenue Suite 704','1977-12-07 04:34:20',NULL,NULL,NULL),(75,'Vincent','Johnston','f','1972-08-22','427 Raymond Squares','1973-03-17 22:58:50',NULL,NULL,NULL),(76,'Brad','Williamson','f','1985-11-27','597 Vance Loop','1999-12-04 17:26:21',NULL,NULL,NULL),(77,'Destin','Bechtelar','m','2005-07-29','88703 Wolff Island','1978-12-24 09:09:33',NULL,NULL,NULL),(78,'Emery','Stamm','f','1994-07-24','5805 Beer Dam','1988-06-14 05:38:33',NULL,NULL,NULL),(79,'Izabella','Rohan','m','1989-12-29','6475 Volkman Corners','1984-06-23 13:30:49',NULL,NULL,NULL),(80,'Foster','Cummerata','f','1972-08-05','6490 McLaughlin Corner Apt. 396','2019-07-07 10:45:53',NULL,NULL,NULL),(81,'Wilfredo','Schmidt','m','2016-06-16','67241 Jolie Cove Apt. 044','1983-01-08 06:31:44',NULL,NULL,NULL),(82,'Darrion','Beatty','f','2016-04-08','599 Kertzmann Route Suite 639','1986-11-27 17:18:22',NULL,NULL,NULL),(83,'Loma','Schmitt','m','1976-03-09','30313 Aurelie Ways','1998-02-07 18:11:33',NULL,NULL,NULL),(84,'Luigi','Keebler','f','2008-07-09','1390 Reinger Burg Suite 612','1997-11-25 19:14:13',NULL,NULL,NULL),(85,'Toy','Ferry','f','2016-10-29','21973 Nolan Loop Suite 452','2014-02-22 00:18:33',NULL,NULL,NULL),(86,'Olga','Schuppe','f','1978-03-16','029 Eichmann Haven','2015-01-21 00:42:13',NULL,NULL,NULL),(87,'Jocelyn','King','m','1987-05-22','2656 Schroeder Parkway','1985-04-28 19:02:47',NULL,NULL,NULL),(88,'Leonie','Zemlak','f','2001-06-16','100 Reichel Courts Suite 628','2008-05-29 12:11:25',NULL,NULL,NULL),(89,'Albin','Dicki','m','1970-08-09','622 Harber Springs Apt. 004','1996-01-05 14:32:53',NULL,NULL,NULL),(90,'Keeley','Runolfsdottir','f','2001-04-20','304 Hackett Plaza','1973-01-06 15:28:34',NULL,NULL,NULL),(91,'Kiarra','Lemke','m','2007-05-03','71130 Schoen Falls','2016-09-15 18:49:47',NULL,NULL,NULL),(92,'Glen','Lehner','f','2018-12-22','8364 Bernardo Lights','2000-01-05 19:10:36',NULL,NULL,NULL),(93,'Estefania','Stanton','f','2009-08-09','3650 Bergnaum Loaf Suite 375','1986-04-18 10:16:01',NULL,NULL,NULL),(94,'Virgie','Schaefer','f','2011-11-08','023 Borer Plaza Apt. 185','2010-09-19 09:00:38',NULL,NULL,NULL),(95,'Julio','Wintheiser','m','1995-03-05','93699 Fiona Tunnel Apt. 046','1985-03-06 18:32:34',NULL,NULL,NULL),(96,'Josephine','Mann','f','1987-08-02','5580 Elaina Roads Suite 715','2012-07-20 12:31:07',NULL,NULL,NULL),(97,'Woodrow','Heathcote','f','2018-10-16','236 Grady Lane','1983-07-10 21:41:52',NULL,NULL,NULL),(98,'Hollie','Daugherty','m','2010-12-10','418 Rolfson Overpass','2008-01-18 02:19:52',NULL,NULL,NULL),(99,'Sallie','Turcotte','m','1988-03-28','54664 Rohan Motorway','1994-07-30 22:59:58',NULL,NULL,NULL),(100,'Ellen','Gerlach','f','2000-02-08','177 Greyson Cliffs','2006-04-23 13:16:05',NULL,NULL,NULL);
/*!40000 ALTER TABLE `profiles` ENABLE KEYS */;
UNLOCK TABLES;

--
-- Table structure for table `user_communities`
--

DROP TABLE IF EXISTS `user_communities`;
/*!40101 SET @saved_cs_client     = @@character_set_client */;
/*!50503 SET character_set_client = utf8mb4 */;
CREATE TABLE `user_communities` (
  `community_id` int unsigned NOT NULL,
  `user_id` int unsigned NOT NULL,
  `created_at` datetime NOT NULL DEFAULT CURRENT_TIMESTAMP,
  PRIMARY KEY (`community_id`,`user_id`),
  KEY `fk_communities_has_profiles_profiles1_idx` (`user_id`),
  KEY `fk_communities_has_profiles_communities1_idx` (`community_id`),
  CONSTRAINT `fk_communities_has_profiles_communities1` FOREIGN KEY (`community_id`) REFERENCES `communities` (`id`),
  CONSTRAINT `fk_communities_has_profiles_profiles1` FOREIGN KEY (`user_id`) REFERENCES `profiles` (`user_id`)
) ENGINE=InnoDB DEFAULT CHARSET=utf8mb4 COLLATE=utf8mb4_unicode_ci;
/*!40101 SET character_set_client = @saved_cs_client */;

--
-- Dumping data for table `user_communities`
--

LOCK TABLES `user_communities` WRITE;
/*!40000 ALTER TABLE `user_communities` DISABLE KEYS */;
INSERT INTO `user_communities` VALUES (1,15,'1985-05-21 10:58:06'),(1,17,'2004-08-03 00:55:22'),(1,18,'2019-01-07 08:24:51'),(1,37,'1996-09-10 03:57:54'),(1,67,'2008-03-04 22:41:32'),(1,94,'1971-01-22 13:38:35'),(1,97,'2002-10-26 10:33:07'),(2,23,'2008-02-12 03:21:54'),(2,26,'1977-08-15 14:21:01'),(2,32,'2014-04-04 08:36:39'),(2,36,'1994-12-06 02:42:09'),(2,38,'1986-04-08 13:52:42'),(2,40,'1993-05-10 21:20:48'),(2,41,'1998-12-07 18:52:46'),(2,45,'2019-04-11 23:29:29'),(2,82,'1992-01-16 00:49:55'),(2,88,'1999-04-30 20:43:27'),(2,93,'2018-04-26 00:43:39'),(2,98,'1995-02-13 16:30:04'),(3,1,'1999-04-17 02:21:45'),(3,17,'1991-08-28 19:44:13'),(3,35,'2017-09-19 08:16:13'),(3,56,'1986-08-25 08:48:09'),(3,69,'1996-10-24 01:57:52'),(3,78,'1988-08-07 03:36:30'),(4,4,'1975-01-08 01:57:49'),(4,9,'1975-04-30 06:09:56'),(4,35,'1972-06-05 11:24:27'),(4,45,'1994-09-18 08:26:01'),(4,69,'2021-06-22 16:06:17'),(4,70,'1986-11-18 04:05:03'),(4,78,'1979-02-23 12:33:17'),(4,85,'2001-12-12 18:28:27'),(5,4,'2009-12-14 05:34:50'),(5,14,'2015-06-21 00:50:23'),(5,22,'2001-05-28 11:24:00'),(5,27,'2008-08-25 20:35:55'),(5,28,'2021-06-16 00:09:58'),(5,43,'1989-11-29 14:34:07'),(5,51,'1993-06-15 05:03:56'),(5,84,'1977-05-24 05:35:26'),(5,86,'2015-05-08 09:43:59'),(5,89,'1997-04-29 15:20:46'),(6,2,'1972-12-24 17:36:46'),(6,10,'1990-12-14 15:03:32'),(6,11,'2001-01-22 21:41:12'),(6,12,'1970-03-06 06:24:10'),(6,41,'1985-07-12 09:24:50'),(6,59,'2010-10-13 10:09:07'),(6,68,'2012-10-17 22:51:41'),(6,72,'2014-03-25 05:58:17'),(6,74,'2018-11-04 23:49:46'),(6,77,'1982-03-04 13:28:17'),(6,82,'1979-10-07 04:04:04'),(6,87,'1993-03-31 02:39:48'),(6,94,'1978-04-28 15:41:01'),(7,9,'2010-09-04 05:03:34'),(7,15,'2004-10-21 13:24:10'),(7,34,'1979-10-18 23:15:50'),(7,46,'1984-05-16 14:55:20'),(7,80,'1974-04-14 03:06:05'),(7,97,'2007-05-11 05:26:24'),(8,5,'1985-04-09 06:26:17'),(8,17,'1998-09-01 21:18:53'),(8,23,'2012-07-31 10:44:22'),(8,28,'2006-07-09 18:42:06'),(8,41,'2018-01-01 10:52:22'),(8,47,'2001-07-30 18:22:59'),(8,56,'1999-11-29 18:28:13'),(8,61,'1981-05-06 06:14:44'),(8,69,'2009-09-20 17:31:32'),(8,89,'2018-12-01 20:55:48'),(8,96,'1973-08-03 02:49:05'),(9,9,'2008-10-15 03:25:33'),(9,18,'1975-01-27 21:02:04'),(9,31,'1987-04-14 01:15:35'),(9,32,'2009-10-30 17:52:28'),(9,47,'1973-01-18 00:10:35'),(9,50,'1993-05-18 12:17:29'),(9,58,'1990-06-01 14:21:30'),(9,80,'1976-08-27 00:39:43'),(9,90,'2002-11-09 21:21:40'),(9,96,'2004-05-12 23:38:13'),(10,1,'2019-10-30 01:45:04'),(10,14,'2003-07-06 23:08:06'),(10,15,'1978-03-29 22:52:57'),(10,20,'1973-12-21 17:44:25'),(10,41,'2020-02-06 03:09:22'),(10,47,'2018-04-15 17:21:23'),(10,64,'2007-01-28 17:27:56'),(10,70,'2002-08-23 06:00:14'),(10,72,'1995-06-17 14:18:08'),(10,78,'1981-08-14 01:45:53'),(10,91,'1982-10-11 01:51:33'),(10,100,'1974-04-19 10:16:53');
/*!40000 ALTER TABLE `user_communities` ENABLE KEYS */;
UNLOCK TABLES;

--
-- Table structure for table `users`
--

DROP TABLE IF EXISTS `users`;
/*!40101 SET @saved_cs_client     = @@character_set_client */;
/*!50503 SET character_set_client = utf8mb4 */;
CREATE TABLE `users` (
  `id` int unsigned NOT NULL AUTO_INCREMENT,
  `email` varchar(145) CHARACTER SET utf8mb4 COLLATE utf8mb4_unicode_ci NOT NULL,
  `phone` bigint NOT NULL,
  `password_hash` char(65) CHARACTER SET utf8mb4 COLLATE utf8mb4_unicode_ci DEFAULT NULL,
  PRIMARY KEY (`id`),
  UNIQUE KEY `email_UNIQUE` (`email`),
  UNIQUE KEY `phone_UNIQUE` (`phone`)
) ENGINE=InnoDB AUTO_INCREMENT=101 DEFAULT CHARSET=utf8mb4 COLLATE=utf8mb4_unicode_ci;
/*!40101 SET character_set_client = @saved_cs_client */;

--
-- Dumping data for table `users`
--

LOCK TABLES `users` WRITE;
/*!40000 ALTER TABLE `users` DISABLE KEYS */;
INSERT INTO `users` VALUES (1,'runolfsson.frieda@example.org',79715722449,'ff1e785915ed33c1e16da0246731e8d2b68c8cee'),(2,'becker.mattie@example.net',79686860576,'826ae69b0d9edec2c1df046313c6e41f8f672d80'),(3,'kylie88@example.org',79899136690,'1c786e0334387315d78d6871b74bd719baf738dd'),(4,'sporer.noemi@example.net',79204180264,'1be5b198edd522d732f4c07319e6e297b543fdd5'),(5,'trace18@example.com',79719777828,'74e767cdb878039b1b4847cc97ab6df734dab03f'),(6,'mgorczany@example.net',79524772995,'716205520da8a6b80112a6af10124fc3ebf3f8e9'),(7,'schimmel.rafael@example.net',79249869430,'ebb3541ac5677c9c94098702682239a9f8fa18ab'),(8,'adrien.hackett@example.net',79130938860,'14b1da10818e836fddb32d12fd1a88b0fa62b76d'),(9,'oshields@example.net',79137553422,'89e2206ab5657bb75e8ffd0d71752ddca73389b7'),(10,'lulu.stehr@example.com',79772401945,'ac54676f91539ed61495f3d5444cc923a52e0436'),(11,'jailyn02@example.org',79949679501,'3f140408cbe6459358bfa154fba9f119997e1c42'),(12,'xkoch@example.org',79104000030,'cd9c298d7d4932635ca4240057778fefee6b0479'),(13,'vrutherford@example.com',79607987861,'d1ddd64f993f6913626ef4ef6683d15a1906a96a'),(14,'kassulke.fanny@example.com',79531675866,'7eaf69db757d7498ba0927190644f063c5accf08'),(15,'nwaelchi@example.org',79398836254,'66584cd8b863673cc64446c3b0dd6cb4869de337'),(16,'wilfredo.jaskolski@example.net',79046986920,'0f827b74d6f905139c2371699afa60e281757981'),(17,'garnet.boyer@example.net',79565673366,'7e1c11cd9b56abf00a4560a3a42e7d2c9a12f77d'),(18,'wyatt50@example.com',79817982657,'6ddc1cba74ecd6fad46b0a3460edca377b1c0420'),(19,'mazie46@example.net',79595515342,'d4677d2527c7556ef9fc2f20223c5acf516a0413'),(20,'kendra68@example.net',79751372809,'032759a734b777f678c0e0d32349b5561ed02a01'),(21,'kessler.reyna@example.com',79967369233,'702c2c0c9e66ee1bafb54823a4ae7ed0d00820a7'),(22,'nhuel@example.org',79797959684,'ba62c443dd4896599f62659f5deb2a05688fe642'),(23,'laurence94@example.org',79331902511,'6fdd9f9646dc16dab1f9b5fbb3e701f425b6ef0f'),(24,'alyson.kub@example.net',79984719333,'76c86a0e56e68edb42a1b396f0e2baaea7c7801e'),(25,'femmerich@example.net',79484182585,'d5672e770b4c22a1fd15c11fd38e699274d8c373'),(26,'wiegand.javon@example.org',79619531443,'6e13eb4541527187b5c40f333dbd21fa9e52135d'),(27,'wilderman.alyson@example.com',79489688083,'fe6451c421707270e2276e868efc01c8040c074a'),(28,'wunsch.keaton@example.com',79884211038,'b5b081c9b76d1eda5e72ebe269fc974837c29dc1'),(29,'jacobi.kylee@example.com',79589262920,'1ba1075c75a0168617af4aeb3aba48119b166be0'),(30,'paula41@example.com',79574086008,'df150cbdc3737b7742561c11463b462170487717'),(31,'haag.lucius@example.org',79692734975,'7ebc118a9d34014f87aa071c0e975f8f43c08421'),(32,'qtorphy@example.org',79572565148,'7e943a3c28a2682406af167bf8373760db9add73'),(33,'werner.renner@example.net',79150957147,'c4c407d8aab5140b3a2712399f9c0c75860096e0'),(34,'scarlett46@example.org',79897856123,'5283d796349a76bdb34470cac3a4998e95cd0730'),(35,'percival09@example.com',79473965613,'9d6eb5a584126cb5189bdc4c0547a69cd13f0636'),(36,'lily.mclaughlin@example.net',79184635632,'4023888e9979b46cb7ea6bad73eaa2b8d1c83c66'),(37,'doyle.melissa@example.org',79408633607,'4f87efc28f0e4af9fef6a00645115476a0b438aa'),(38,'melany95@example.org',79441537675,'7e4efb3915b6a99443fd335b79c2d4add3c2e339'),(39,'abbott.rafael@example.com',79939775675,'84a23122c6e55a064d9087bfa6488e33436f3615'),(40,'reuben.dickinson@example.net',79572519429,'c089aab3c730b4e8eed062ec23a3c3a8affbb0bc'),(41,'ihuels@example.com',79526004322,'c155496cc30eb6337291d40cf85db0ed73d1a4bf'),(42,'teagan66@example.net',79782101550,'53a5cdbeb592293e0e070f2350108d35cc19053c'),(43,'king01@example.net',79398418857,'04429bc1e41b3c014b4ff781835504c5262ce873'),(44,'maybelle.kuhn@example.net',79872393700,'a07072b0130791001606039cc499398474c09f60'),(45,'dcole@example.net',79339189103,'c14929ec023feaa912274a193a6fa92322623766'),(46,'herminio.lindgren@example.com',79312310211,'885b3066aff64458729555419ebe0de0ce8e429b'),(47,'louvenia18@example.com',79741994699,'7da2aea23896be4f35f554bad9eae9623a8b6f06'),(48,'leila37@example.net',79507392531,'8a4747d86272010285cfb63925f02a9982c74799'),(49,'penelope13@example.net',79600201170,'310e6f3de2a183dfcfcb381bbe14a50bc53acfad'),(50,'bernhard.cory@example.org',79921468882,'e99dc3ded75477e9372ae9475c4db8d830629e68'),(51,'eve99@example.net',79630430566,'37de2b7df48406374339475cec41938b34d5b26d'),(52,'maggie22@example.net',79005915378,'54bc91472ac933c424220d6e30ea9b42a0445c4b'),(53,'dickinson.antonia@example.com',79321982839,'6537a6e0b4a27e1b912450deda438ec56accc182'),(54,'delta.parisian@example.com',79794324901,'c16e3c10cd8088e4fe6d119dfdb4475397bce6e4'),(55,'aharris@example.net',79363740688,'856a0bd9c09c791be684cdd996cdd5f334a9c15e'),(56,'sam.bernier@example.org',79373988203,'11dcf46f591ed72f0dca41b27560a0e595286a50'),(57,'samantha.schinner@example.org',79437534083,'67a2934ee639de6c9aeeecb0d2ca13d44084f06c'),(58,'enola.kovacek@example.org',79863563173,'b06692ef76254150dddb4193c25016fa51c127c0'),(59,'katelin.torphy@example.net',79317495142,'b50fd3053a386a56f00c7c06d3d0dc26c98076c8'),(60,'sylvester94@example.net',79947989566,'952c3070abdcaa6b2cf0c69c42f7c30bb8db0322'),(61,'karine.rodriguez@example.com',79831600191,'2589816c17c71483bed112e542fec3a981eb208e'),(62,'bstokes@example.org',79863286186,'ee522feb271320c32abad5865768ffbbdd34364f'),(63,'ytromp@example.net',79145813029,'76ed69946343df6d0a5064cc4bc892aff23b1597'),(64,'itzel.fritsch@example.com',79426682974,'576c8292f9e62137a9042cb8f26fa24e932bea6b'),(65,'wschuppe@example.org',79467113320,'47f375b43233f512bb869a9e371170b2c3622068'),(66,'gvandervort@example.org',79503781802,'a8d3260161db5fb87582dd1c6888053747220dd6'),(67,'milton03@example.net',79861998361,'14675d3970f8a602bb0ef8307b19df46ab3bdaa1'),(68,'kkerluke@example.com',79136313107,'8b00d408946623fef36087187005a37317e0b909'),(69,'barton53@example.net',79237234124,'99610e925910d64d1cd52f4125ed9a238b378296'),(70,'eldridge38@example.org',79029826634,'e58f935930ff5156164afa33251d00843895541c'),(71,'blanda.bridget@example.org',79247643940,'9eb29423259ae351801e7eb959c9a359882bf580'),(72,'kaya55@example.net',79758133782,'df53dd536f7c270cb8e384d93fdf741afc1c0ba2'),(73,'aschimmel@example.org',79167921249,'ed823e57a5330d7d20104e0472244ed9ab70382a'),(74,'sterling87@example.net',79804603162,'9d6a21312f509a7c7d3986fd7886590a7abcc61d'),(75,'karolann.jones@example.com',79746745053,'1cde69d05fc9aedbe92885ad7c2b4c7ea466869e'),(76,'schinner.garfield@example.net',79894434430,'b970ea046d29913ca31519a760f84b0328e597ec'),(77,'marquise.satterfield@example.net',79123448327,'2d316723f20183c187d3dc7ed2c00cf2b0f3828d'),(78,'cora.wilkinson@example.net',79979125765,'5e980a7d7a67db5d0344459244013f8f9f110e01'),(79,'ftowne@example.org',79318074003,'e14ba26298b23b58519b546bffc1a3945b235b80'),(80,'berge.kasey@example.org',79540339717,'0bd9b36a69da34f866e151a6d66f958bf52d69f8'),(81,'medhurst.dane@example.org',79353147939,'6694bdf882c3d5e3771a73263aaee3bac5b46858'),(82,'evelyn61@example.org',79362188236,'5a1e1fb35c189d3ed44c5e3e50ebbf725389a5d0'),(83,'allan.barton@example.org',79249474433,'63dc0655d10c897d49cec9351b57c739986f24b5'),(84,'amorar@example.org',79666824552,'1a15f7f4fb56e04d21c36df86ce1c6f51a87ac32'),(85,'greichel@example.org',79073461602,'369b984a876e0a9a9be1e58d48bc85f27bca268a'),(86,'tlesch@example.org',79184925146,'1d21cb240abecd2bf4a2611777939dc2619106ed'),(87,'pgulgowski@example.net',79906841123,'b30bc8bf840c346c307c94affb0090f55b55a8fa'),(88,'carli.lueilwitz@example.net',79694770022,'59bdc28a51068e4a8d4ad04e37cc97b6e622f566'),(89,'einar.pacocha@example.org',79703188007,'7af8ddcea2247986e3a59b7a0399fd9051682dcd'),(90,'fyost@example.com',79479953204,'76baba60a31cbcada186bad1efe002a6eddc48d8'),(91,'hilda57@example.com',79823489050,'ddcad4545714db67f5a51b0dae80c17e411ea9e8'),(92,'candido.upton@example.net',79820239369,'02ff23e692f9415b32e15da71522a29c8ded91f0'),(93,'ferne38@example.com',79719940797,'041af3a714ce97455d040fe126887e66fe3241f6'),(94,'ymurray@example.net',79873020913,'68899402d32dd40f06577c3c4766e58ffc16100b'),(95,'btorphy@example.org',79235659303,'dc73143d01802b998f15f18b7f62b354c1b881b9'),(96,'sheila.hilll@example.org',79311045054,'1701c754f815ba58985a2a319516d7c9703b14af'),(97,'donnie.kovacek@example.com',79616115869,'439a244494a8fbff9e45c882cd9d4cd4bcd189f8'),(98,'xwyman@example.com',79326233457,'ab5aff5a44eeb43be230457cb08c3e5969dd602e'),(99,'wklocko@example.com',79759609797,'442e5ed2e9d33043f4b4344e380545097d4bffc9'),(100,'dora59@example.com',79407984583,'b980078cfb5a0b3d70c175c5da0d022f57fef865');
/*!40000 ALTER TABLE `users` ENABLE KEYS */;
UNLOCK TABLES;
/*!40103 SET TIME_ZONE=@OLD_TIME_ZONE */;

/*!40101 SET SQL_MODE=@OLD_SQL_MODE */;
/*!40014 SET FOREIGN_KEY_CHECKS=@OLD_FOREIGN_KEY_CHECKS */;
/*!40014 SET UNIQUE_CHECKS=@OLD_UNIQUE_CHECKS */;
/*!40101 SET CHARACTER_SET_CLIENT=@OLD_CHARACTER_SET_CLIENT */;
/*!40101 SET CHARACTER_SET_RESULTS=@OLD_CHARACTER_SET_RESULTS */;
/*!40101 SET COLLATION_CONNECTION=@OLD_COLLATION_CONNECTION */;
/*!40111 SET SQL_NOTES=@OLD_SQL_NOTES */;

-- Dump completed on 2021-11-30 22:29:43
